<?xml version="1.0" encoding="UTF-8" standalone="yes"?>
<addon id="plugin.video.shanwiz" name="SHAN's Wizard" version="2.0.5" provider-name="SHAN's WIZARD">
  <requires>
    <import addon="xbmc.python" version="2.1.0"/>
  </requires>
  <extension point="xbmc.python.pluginsource" library="default.py">
        <provides>video executable</provides>
  </extension>
  <extension point="xbmc.addon.metadata">
    <summary lang="en">SHAN's Wizard</summary>
    <description lang="en">Easy Install With SHAN's Wizard</description>
	<description lang="en">Special thanks to ANIMALKODI.COM</description>
    <platform>all</platform>
  </extension>
</addon>
